id,depth,x,y
1,2050,2700.0,2500.0
1,2050,2697.3,2543.6
1,2050,2689.4,2586.8
1,2050,2676.1,2629.4
1,2050,2657.8,2671.0
1,2050,2634.4,2711.3
1,2050,2606.2,2750.0
1,2050,2573.4,2786.8
1,2050,2536.2,2821.4
1,2050,2495.0,2853.6
1,2050,2450.0,2883.0
1,2050,2401.5,2909.6
1,2050,2350.0,2933.0
1,2050,2295.8,2953.2
1,2050,2239.4,2969.8
1,2050,2181.2,2983.0
1,2050,2121.6,2992.4
1,2050,2061.0,2998.1
1,2050,2000.0,3000.0
1,2050,1939.0,2998.1
1,2050,1878.4,2992.4
1,2050,1818.8,2983.0
1,2050,1760.6,2969.8
1,2050,1704.2,2953.2
1,2050,1650.0,2933.0
1,2050,1598.5,2909.6
1,2050,1550.0,2883.0
1,2050,1505.0,2853.6
1,2050,1463.8,2821.4
1,2050,1426.6,2786.8
1,2050,1393.8,2750.0
1,2050,1365.6,2711.3
1,2050,1342.2,2671.0
1,2050,1323.9,2629.4
1,2050,1310.6,2586.8
1,2050,1302.7,2543.6
1,2050,1300.0,2500.0
1,2050,1302.7,2456.4
1,2050,1310.6,2413.2
1,2050,1323.9,2370.6
1,2050,1342.2,2329.0
1,2050,1365.6,2288.7
1,2050,1393.8,2250.0
1,2050,1426.6,2213.2
1,2050,1463.8,2178.6
1,2050,1505.0,2146.4
1,2050,1550.0,2117.0
1,2050,1598.5,2090.4
1,2050,1650.0,2067.0
1,2050,1704.2,2046.8
1,2050,1760.6,2030.2
1,2050,1818.8,2017.0
1,2050,1878.4,2007.6
1,2050,1939.0,2001.9
1,2050,2000.0,2000.0
1,2050,2061.0,2001.9
1,2050,2121.6,2007.6
1,2050,2181.2,2017.0
1,2050,2239.4,2030.2
1,2050,2295.8,2046.8
1,2050,2350.0,2067.0
1,2050,2401.5,2090.4
1,2050,2450.0,2117.0
1,2050,2495.0,2146.4
1,2050,2536.2,2178.6
1,2050,2573.4,2213.2
1,2050,2606.2,2250.0
1,2050,2634.4,2288.7
1,2050,2657.8,2329.0
1,2050,2676.1,2370.6
1,2050,2689.4,2413.2
1,2050,2697.3,2456.4
2,2100,3120.0,2500.0
2,2100,3115.7,2569.7
2,2100,3103.0,2638.9
2,2100,3081.8,2707.1
2,2100,3052.5,2773.6
2,2100,3015.1,2838.1
2,2100,2969.9,2900.0
2,2100,2917.5,2958.9
2,2100,2858.0,3014.2
2,2100,2792.0,3065.7
2,2100,2719.9,3112.8
2,2100,2642.4,3155.3
2,2100,2560.0,3192.8
2,2100,2473.3,3225.0
2,2100,2383.1,3251.8
2,2100,2289.9,3272.7
2,2100,2194.5,3287.8
2,2100,2097.6,3297.0
2,2100,2000.0,3300.0
2,2100,1902.4,3297.0
2,2100,1805.5,3287.8
2,2100,1710.1,3272.7
2,2100,1616.9,3251.8
2,2100,1526.7,3225.0
2,2100,1440.0,3192.8
2,2100,1357.6,3155.3
2,2100,1280.1,3112.8
2,2100,1208.0,3065.7
2,2100,1142.0,3014.2
2,2100,1082.5,2958.9
2,2100,1030.1,2900.0
2,2100,984.9,2838.1
2,2100,947.5,2773.6
2,2100,918.2,2707.1
2,2100,897.0,2638.9
2,2100,884.3,2569.7
2,2100,880.0,2500.0
2,2100,884.3,2430.3
2,2100,897.0,2361.1
2,2100,918.2,2292.9
2,2100,947.5,2226.4
2,2100,984.9,2161.9
2,2100,1030.1,2100.0
2,2100,1082.5,2041.1
2,2100,1142.0,1985.8
2,2100,1208.0,1934.3
2,2100,1280.1,1887.2
2,2100,1357.6,1844.7
2,2100,1440.0,1807.2
2,2100,1526.7,1775.0
2,2100,1616.9,1748.2
2,2100,1710.1,1727.3
2,2100,1805.5,1712.2
2,2100,1902.4,1703.0
2,2100,2000.0,1700.0
2,2100,2097.6,1703.0
2,2100,2194.5,1712.2
2,2100,2289.9,1727.3
2,2100,2383.1,1748.2
2,2100,2473.3,1775.0
2,2100,2560.0,1807.2
2,2100,2642.4,1844.7
2,2100,2719.9,1887.2
2,2100,2792.0,1934.3
2,2100,2858.0,1985.8
2,2100,2917.5,2041.1
2,2100,2969.9,2100.0
2,2100,3015.1,2161.9
2,2100,3052.5,2226.4
2,2100,3081.8,2292.9
2,2100,3103.0,2361.1
2,2100,3115.7,2430.3
3,2150,3400.0,2500.0
3,2150,3394.7,2587.2
3,2150,3378.7,2673.6
3,2150,3352.3,2758.8
3,2150,3315.6,2842.0
3,2150,3268.8,2922.6
3,2150,3212.4,3000.0
3,2150,3146.8,3073.6
3,2150,3072.5,3142.8
3,2150,2989.9,3207.1
3,2150,2899.9,3266.0
3,2150,2803.0,3319.2
3,2150,2700.0,3366.0
3,2150,2591.7,3406.3
3,2150,2478.8,3439.7
3,2150,2362.3,3465.9
3,2150,2243.1,3484.8
3,2150,2122.0,3496.2
3,2150,2000.0,3500.0
3,2150,1878.0,3496.2
3,2150,1756.9,3484.8
3,2150,1637.7,3465.9
3,2150,1521.2,3439.7
3,2150,1408.3,3406.3
3,2150,1300.0,3366.0
3,2150,1197.0,3319.2
3,2150,1100.1,3266.0
3,2150,1010.1,3207.1
3,2150,927.5,3142.8
3,2150,853.2,3073.6
3,2150,787.6,3000.0
3,2150,731.2,2922.6
3,2150,684.4,2842.0
3,2150,647.7,2758.8
3,2150,621.3,2673.6
3,2150,605.3,2587.2
3,2150,600.0,2500.0
3,2150,605.3,2412.8
3,2150,621.3,2326.4
3,2150,647.7,2241.2
3,2150,684.4,2158.0
3,2150,731.2,2077.4
3,2150,787.6,2000.0
3,2150,853.2,1926.4
3,2150,927.5,1857.2
3,2150,1010.1,1792.9
3,2150,1100.1,1734.0
3,2150,1197.0,1680.8
3,2150,1300.0,1634.0
3,2150,1408.3,1593.7
3,2150,1521.2,1560.3
3,2150,1637.7,1534.1
3,2150,1756.9,1515.2
3,2150,1878.0,1503.8
3,2150,2000.0,1500.0
3,2150,2122.0,1503.8
3,2150,2243.1,1515.2
3,2150,2362.3,1534.1
3,2150,2478.8,1560.3
3,2150,2591.7,1593.7
3,2150,2700.0,1634.0
3,2150,2803.0,1680.8
3,2150,2899.9,1734.0
3,2150,2989.9,1792.9
3,2150,3072.5,1857.2
3,2150,3146.8,1926.4
3,2150,3212.4,2000.0
3,2150,3268.8,2077.4
3,2150,3315.6,2158.0
3,2150,3352.3,2241.2
3,2150,3378.7,2326.4
3,2150,3394.7,2412.8
4,2200,3680.0,2500.0
4,2200,3673.6,2604.6
4,2200,3654.5,2708.4
4,2200,3622.8,2810.6
4,2200,3578.7,2910.4
4,2200,3522.6,3007.1
4,2200,3454.9,3100.0
4,2200,3376.2,3188.3
4,2200,3287.0,3271.3
4,2200,3187.9,3348.5
4,2200,3079.9,3419.3
4,2200,2963.6,3483.0
4,2200,2840.0,3539.2
4,2200,2710.0,3587.6
4,2200,2574.6,3627.6
4,2200,2434.8,3659.1
4,2200,2291.7,3681.8
4,2200,2146.4,3695.4
4,2200,2000.0,3700.0
4,2200,1853.6,3695.4
4,2200,1708.3,3681.8
4,2200,1565.2,3659.1
4,2200,1425.4,3627.6
4,2200,1290.0,3587.6
4,2200,1160.0,3539.2
4,2200,1036.4,3483.0
4,2200,920.1,3419.3
4,2200,812.1,3348.5
4,2200,713.0,3271.3
4,2200,623.8,3188.3
4,2200,545.1,3100.0
4,2200,477.4,3007.1
4,2200,421.3,2910.4
4,2200,377.2,2810.6
4,2200,345.5,2708.4
4,2200,326.4,2604.6
4,2200,320.0,2500.0
4,2200,326.4,2395.4
4,2200,345.5,2291.6
4,2200,377.2,2189.4
4,2200,421.3,2089.6
4,2200,477.4,1992.9
4,2200,545.1,1900.0
4,2200,623.8,1811.7
4,2200,713.0,1728.7
4,2200,812.1,1651.5
4,2200,920.1,1580.7
4,2200,1036.4,1517.0
4,2200,1160.0,1460.8
4,2200,1290.0,1412.4
4,2200,1425.4,1372.4
4,2200,1565.2,1340.9
4,2200,1708.3,1318.2
4,2200,1853.6,1304.6
4,2200,2000.0,1300.0
4,2200,2146.4,1304.6
4,2200,2291.7,1318.2
4,2200,2434.8,1340.9
4,2200,2574.6,1372.4
4,2200,2710.0,1412.4
4,2200,2840.0,1460.8
4,2200,2963.6,1517.0
4,2200,3079.9,1580.7
4,2200,3187.9,1651.5
4,2200,3287.0,1728.7
4,2200,3376.2,1811.7
4,2200,3454.9,1900.0
4,2200,3522.6,1992.9
4,2200,3578.7,2089.6
4,2200,3622.8,2189.4
4,2200,3654.5,2291.6
4,2200,3673.6,2395.4
